ru_text,labels
"Моя любимая еда — это все, что мне не приходилось готовить самому.",[27]
"Теперь, если он покончит с собой, все будут думать, что он смеется, трахая людей, а не на самом деле мертв.",[27]
КАКОГО НАХРАНА БЭЙЛЕССКАЯ ИЗОИНЦИЯ?,[2]
Чтобы она почувствовала угрозу,[14]
Грязные южные дрочники,[3]
"О Боже, ПЕЙТОН НЕ ДОСТАТОЧНО ХОРОШ, ЧТОБЫ ПОМОЧЬ НАМ В ПЛЕЙ-ОФЕ! Фанаты Dumbass Broncos, декабрь 2015 года.",[26]
"Да, я слышал о бомбах! Должно быть, поэтому. Спасибо за ответ :) а пока мы с мужем будем с нетерпением ждать 😝",[15]
Нам нужно больше досок и освободить немного больше места для [ИМЯ]. Тогда нам будет хорошо.,"[8, 20]"
Проклятый ютуб и драма возмущения очень прибыльны для Reddit,[0]
Это может быть связано с фактором доверия вашего друга.,[27]
"Демография? Я не знаю никого моложе 35 лет, у кого есть кабельное телевидение.",[6]
"Оуу... она, наверное, со временем придет в себя, я уверен, что она просто завидовала [ИМЯ]... Я имею в виду, какая бы женщина не была! ржу не могу","[1, 4]"
Всем привет. Я тоже из Торонто. При необходимости могу позвонить и приехать лично.,[27]
"R/sleeptrain Возможно, пришло время потренироваться во сне. Посмотрите и попытайтесь понять, что подходит вашей семье.",[5]
"[ИМЯ] - та же чертова проблема, немного лучше владеет английским языком.",[3]
"Черт, кажется, я случайно купил боксерский поединок с оплатой за просмотр.","[3, 12]"
Спасибо тебе друг,[15]
Чертов трус.,[2]
вот так выглядит замедление,[27]
"Возможно, именно это случилось с большой белой белкой в ​​зоопарке Хьюстона.","[6, 22]"
"Никогда не думал, что это происходит в один и тот же момент, но иногда после жертвоприношения [ИМЯ]... звучит логично.","[6, 9, 27]"
у меня шишка и лысина. я чувствую себя тупым <3,[12]
Ты сейчас помоешь посуду,[27]
Замедление событий сейчас,[27]
Его имя уже обнародовано. Просто не могу разместить это здесь.,[27]
Тупо упрямый/упрямо глупый,[2]
"Моим, очевидно, был [ИМЯ] и гигантский персик!",[27]
"Я скучаю по тому, что они живы","[16, 25]"
"Супер, спасибо",[15]
"Новое исследование только что вышло из Китая, что на самом деле уже слишком поздно.",[27]
"Тролль, бро. Они знают, что говорят глупости. Этот ублюдок ничего не делает, а только воняет, что либертарианские сабы несут чушь.",[2]
"Возможны все звуки, кроме ключа, не понимаю, как его пропустили при первом поиске.",[6]
Но у твоей тети чертовски нервы!,[27]
"Хорошо, тогда какой, черт возьми, твой план?","[2, 7]"
Какое отношение ФПТП имеет к референдуму?,[6]
"Рад, что могу помочь.",[17]
"18 - это жарко, но очень безвкусно, просто здесь эта блондинка, которая не такая горячая, как блондинка из запуска.",[27]
Известен своей защитой 3-4.,[0]
"Я почти уверен, что видел это. Он откидывается вместе с ремнями безопасности, которые на нем надеты. Все еще выглядит болезненным, но я думаю, что он жив",[25]
"Когда мне плохо, я слушаю музыку.",[27]
Оу спасибо! Я ценю это!,"[0, 15]"
Спасибо! Обожаю смотреть его каждую неделю,"[15, 18]"
"Я читал в другом посте, что он умер вскоре после внутренних повреждений.","[16, 27]"
"Честно говоря, это звучит утомительно — быть замужем за ним. Может быть, это будет лучше для вас в долгосрочной перспективе.",[27]
"Это безумие, как далеко зашел Photoshop. Подводные мосты?!! НИКОГДА!!!","[7, 13]"
Я бы никогда не позволил сладкому картофелю диктовать решения.,[10]
"Хотя это правда. Он либо не получает рубашки и замерзает насмерть, либо носит глупо выглядящую накидку мясника. Надеюсь, в следующем сезоне у него получится что-то лучше.",[20]
"Это лучший вариант, потому что это моя жизнь и не твое дело? Лмфао, кто ты?",[27]
"Мешок, стержень и наконечник. Трифекта.",[27]
"Я знаю. Мой вопрос заключался в том, участвовали ли они **ранее** в Т5-ТТТ2.",[27]
ФБР!! ОТКРЫТЬ!!!,[27]
Надо было облить ее кокаином сразу после фильма и сбежать. ФК мелочность,[27]
Вы всегда можете встать на колени.,[4]
"Привет, сололандец!",[27]
Очень интересно. Спасибо,"[13, 15]"
Это не очень полезно,[10]
"твоя мама любит копировать меня, потому что у нее нет творческих способностей, как у тебя:",[27]
"Господи, помоги мне, я снова хочу стать модером. Здесь столько чертовых троллей",[27]
Ох черт возьми :/,[27]
"Спасибо, ДБ, посмотрю, смогу ли я найти книгу.",[15]
РЖУ НЕ МОГУ. Супер мило!,"[0, 1]"
"Я просто обосрался в штаны. Тогда уходите. Достаточно неловко, что он не будет давить на вас или следовать за вами.",[12]
ЧЕМ ТЫ ДЕЛАЕШЬ [ИМЯ]?,[27]
Это... имеет 9 тысяч голосов. Ух ты.,[13]
[ИМЯ] видит все,[27]
Потрясающий. Спасибо!,"[0, 15]"
Ждать. Что. Как?,[27]
"А потом они говорят: «ХАХАХАХА, ЭТО БЫЛО ПРЯМО ТАМ, ВАУ!»",[1]
"Оу, попробуй осознанность. Я думаю, что сейчас перейду к этому сабвуферу.",[27]
"«Сумерки»… ВСЕ ЕЩЕ лучшая история любви, чем «Последние джедаи»!",[0]
Детектив из сву.,[27]
"Хорошо для #70, чтобы утешить беднягу.","[0, 5]"
Республиканцы – это военные. Ты - идиот.,[3]
"Не целуй дверной звонок! Или кто-нибудь еще, если на то пошло...",[27]
Только что вернулся из школы. Как у нас дела,[27]
"На этой фотографии, которую они использовали для [ИМЯ], она похожа на [ИМЯ]",[27]
"Потрясающий! Я колыбель [РЕЛИГИЯ], так что очень интересно узнать о вашем опыте. Спасибо, что поделился.","[0, 13, 15]"
Какой замечательный мир,[0]
Никогда не выходите из лодки.,[27]
"только что заметил, лол. чертовы извращенцы-иностранцы.",[1]
"О, простите нас за попытку создать захватывающую атмосферу на нашей домашней площадке.",[13]
"правда, я тролль, но, к счастью для меня, я не вовлечен в это эмоционально.",[4]
"извини, [ИМЯ]! 😘😘😘",[25]
"По крайней мере, ничего страшного, и что вы все еще рядом с этим человеком :)",[4]
"Это первый человек, с которым Австралия попыталась сделать это...",[27]
мой мозг болит...,[25]
"Спасибо, что сделали хоть что-то хорошее, сэр.","[0, 15]"
"Он опоздал на 5 минут, но это его не впечатлило.",[9]
"Иногда жизнь действительно преподносит вам лимоны. Нам просто повезло, что у нас есть общеизвестная фраза, которая дает нам представление о том, что мы можем с ними сделать.","[4, 22]"
"Люди на другой стороне хотят твоей смерти, независимо от того, почему ты здесь.",[27]
"За что тебе платить, просто стоять там? Сделанный.",[4]
Расщепление: Природный ловец латуни.,[27]
"Извиняюсь, беру все обратно, так как только что увидел его последнюю работу.",[24]
"Я люблю Rocket Love и Blasted. Мне просто интересно, для кого написаны песни, потому что это все эталонные треки, кроме Acura Intergul.",[18]
"окей, я хочу присоединиться к охотничьему отряду голыми руками",[4]
"Черт побери, вы с таким же успехом можете использовать мобильный тариф, если только вы не делаете что-то, чувствительное к задержке.",[27]
"Я думаю, что правило 90 дней применимо к увеличению более чем на 5%?",[7]
"Если закрутят, то это особенность.",[27]
"Это означает, что люди, у которых есть долги, могут видеть тех, у кого их нет. Чувствую ли я более легкую цель для ограблений и тому подобного?",[7]
Скайнет действительно потерял свое преимущество,[27]
Ты просто заставляешь ее звучать потрясающе.,[0]
"серьезно, черт возьми. Я хочу посмотреть, как прошла вся рука в деталях. это было самое отвратительное соулридд на свете",[3]
Вашей команде не хватает этики.,[10]
"[ИМЯ] была бесполезна, за исключением того, что она перевязала [ИМЯ] немного больше, чем она уже сделала, и вылечила [ИМЯ], назовите одно решение, которое [ИМЯ] приняло разумно.",[27]
"Не **эмоциональный эффект**, когда это в интересах нашей страны.",[27]
Я бы не стал воспринимать столь существенное снижение зарплаты. вам следует сохранить свою работу и заняться писательской деятельностью в свободное от работы время.,[5]
"Эй, я только что поделился твитом с цитатой. Я не знаю обо всем этом",[27]
Что это за команда Wild? Где они были?,"[6, 7]"
"Боже мой, [ИМЯ] и его папа гуляют вместе, это так мило 😍",[27]
"Спасибо, я попробую. Ничего не используется для рандомов вообще? Может быть, мне лучше найти группу для игры?",[15]
"Почему он бессмысленный? Я хочу знать, как такие люди, как ты, смотрят эту игру. Искренне сбивает меня с толку.",[27]
Я ценю его невозмутимый юмор.,[0]
"Итак, я уже говорил ранее, что в последнее время этой команде без [ИМЯ] было скучно. Я беру свои слова обратно после двух последних игр.",[22]
"Меня кикнули, и, видимо, я больше не хочу слишком много рассказывать об этом на Reddit.",[27]
"Это потому, что вы играете против игроков из ЕС с пингом 1000 мс, которые понятия не имеют, что происходит. Хорошей охоты!",[17]
"Я взъерошенный, как грязное животное.",[27]
"Блядь, это «мог?!»",[2]
"Особенно эта реклама «Австралия с этим не справится» на телевидении, бог, которого я ненавижу [ИМЯ]",[2]
И вы этому верите?,[27]
"Если вам нравятся сауэры, они выпускают кое-что приличное, но все, что за пределами этого, совершенно забывается и является средним.",[27]
"Мы думали, что ему становится лучше, но потом он изменился.","[9, 27]"
"Ты выглядишь немного чувствительным... Я вообще-то думал, что к нам проникли нормалисты.","[4, 5]"
"Еще один клоун, ноющий по поводу дискуссий о биткойнах в биткойн-сабе.",[27]
"Три слова, никакой тонкости. «Чувак. Стоп. Серьезно».",[3]
"[ИМЯ] чувак, я вижу [ИМЯ] так редко, что забываю, что он король OG «К черту этого персонажа, к черту эту дурацкую игру».","[2, 3]"
"Ух ты. Я только что прочитал синопсис, и это действительно то, что происходит.",[26]
"Ого, эта хозяйка, конечно, кусок дерьма. Мне было бы интересно узнать, сколько людей она дискриминировала или преследовала в прошлом.",[7]
"Я УБИВАЮ ТЕБЯ, мерзавцы",[2]
"Он слишком сломан, им может пользоваться кто угодно и его собака.",[27]
"Турнир прошел на ура, некоторым действительно крутым людям все понравилось. Спасибо, что держите. Хотел бы сделать это снова когда-нибудь","[0, 8, 15, 17]"
Да я! Ссылку на свой профиль я вам пришлю в личном сообщении. Спасибо.,[15]
*тема «Умерь свой энтузиазм» усиливается*,[27]
ты отвратительный кусок грязи.,[11]
"Кстати, собаки тоже предупреждали о дороге Кусс, но просто проигнорировали это, как это сделал [ИМЯ] лол чао",[27]
Это как-то полезно в каком-то странном смысле,[27]
"Просто сотрудник, только что подчеркнул, что так долго копить 10к например и то ничего! Надо было принести больше биткойнов",[9]
"Как бы. И благодарю вас. Мне интересны те файлы, фильмы и фотографии, о которых вы упомянули.","[7, 15]"
"Я не думаю, что синдром Аспергера вызывает у меня беспокойство или тревогу. Я думаю, что необходимость жить в обществе, которое отдает предпочтение нейротипичным способам взаимодействия, вызывает у меня стресс и тревогу.",[22]
Похоже на ноги моей борзой,[27]
"Вы сказали мне, что бессмысленно на это указывать. Ты идиот",[2]
"2019 год должен быть просто картинкой горящего мусорного бака или мусорного контейнера. Удивительно, насколько дерьмово DICE может сделать вещи за 10 лет.","[3, 9, 26]"
"Да, давайте подведем итоги AS4. Я внезапно стал гораздо более взволнован S11.",[13]
Он покинул скамейку запасных и вернулся в раздевалку вместе с медицинским персоналом.,[27]
"Делюксу всегда нужны люди, есть также довольно регулярные вакансии для медиа-операторов.",[27]
"Абсолютно. Мне бы это понравилось. Неважно, насколько мне нравится этот парень, если он просто пойдет на это, это не круто.","[13, 18]"
"Честно говоря, то же самое. Я был несчастен на своей работе помощником администратора.",[9]
"Рад видеть, что фанаты Hearts оказывают [ИМЯ] такой теплый прием в ответ..",[15]
"Рад, что вы чувствуете себя лучше! Мое предложение все еще в силе, если тебе кто-то понадобится, я здесь.",[23]
Colts Offense сейчас просто смешно,"[1, 27]"
"Лол, так мелочно, мне это даже нравится. Я бы, наверное, не стал этого делать, но это заманчиво.","[0, 1]"
Лмао украл мою шутку! 😂,[1]
"Добро пожаловать на вечеринку, приятель!",[15]
"Это ссылка на [ИМЯ]? Я чувствую, что это так.","[7, 18]"
"Не думайте, что мы должны попирать физическую автономию людей только для того, чтобы органы общественного здравоохранения могли объявить о победе.","[10, 22]"
Сможет ли он научить их бегать очень-очень быстро?,[27]
"Пожалуйста, просвети нас, о оракул. Это должно быть богато...",[27]
[ИМЯ] был одним из немногих хороших моментов в этом сезоне.,[0]
"Ваше обучение ужасно.... будьте готовы и посмотрите, как [ИМЯ] использует [ИМЯ]",[14]
Обожаю этот раздел комментариев <3,[18]
"Как вы его пробовали, если он еще не запущен? Раннего доступа к нему не было",[27]
"Вы поняли, спасибо!","[4, 15]"
"Нет нерфа/хранилища Дигла, хороший патч, но могло быть намного лучше",[27]
"Прекратите спорить, вы себя дураком выставляете. Это тревожно.",[3]
"Я думаю, это зависит от того, сколько людей бодрствуют и проходят мимо в момент публикации.",[27]
"пока отслеживание показывает доставку, вы не несете ответственности за то, что произойдет с ним после этого",[5]
"[ИМЯ] пришёл раньше [ИМЯ], но кроме этого...",[27]
"Мой стилист — подтянутый красивый парень с большими сексуальными руками. Не могу сказать, что мне не нравится, когда он взъерошивает мои волосы.",[0]
"Вы дарите им человеческие эмоции. Если бы вы вообще проводили время со скотом, вы бы поняли, насколько это глупо.",[27]
"Возможно, он так и сделал, меня больше беспокоило «бегать и стрелять из AR одной рукой, в сторону».",[14]
"Хммм, могу ли я увидеть эту статистику, утверждающую, что инженерные разработки Роуэна настолько высоки?","[6, 7]"
"конина это чертовски пэн я люблю его. почему корову можно зарезать ради еды, а лошадь нельзя? нелепые двойные стандарты",[18]
Где сейчас Шарптон?,[27]
"удачи, приятель",[20]
действительно иногда так бывает,[27]
"Дайте определение женщине, пожалуйста, если вы не собираетесь использовать принятое обозначение.",[27]
"Ваш ответ действительно один из самых удивительных, которые я видел.",[0]
Это прямо гуль,[27]
"Я не понимаю, почему люди дают золото на кросспосты. Вы заслуживаете всех голосов.",[0]
"Никаких проблем, рад, что смог помочь :) Всего хорошего!",[17]
Мы не переезжаем.,[27]
Мое имя]! Это не вакцина! Это желе!,[26]
"Как вы думаете, кто сможет привести «Пэкерс» туда, где им нужно?",[7]
"Спасибо :), с течением времени они становятся лучше.",[15]
"Ух ты. Да я совсем новичок, всего около 8 часов геймплея","[0, 26]"
"* «Успех — лучшая месть». * Хорошая работа, ОП. Оставайся сильным. Ты почти там.",[0]
Продовольственные талоны – это позор. Люди должны получать деньги!,[10]
"Шепни мне свой Steam ID, но я смогу начать играть через 1-2 часа.",[27]
По имени]! Это музыка [ИМЯ]!,[17]
Вам просто нужно было убить бабушку и дедушку [РЕЛИГИЯ],[27]
"Вы живете в Аппалачах, не так ли?",[7]
"Этот столб и дешевый пластиковый забор наверняка обеспечат отличную защиту от автомобиля. Брось это, блин.",[4]
Какого черта [ИМЯ] делает на заднем плане?,[2]
"Это создает порочные стимулы. Разрешите низкооплачиваемый труд заключенных, и внезапно у вас появится стимул эксплуатировать заключенных, а не реабилитировать их.",[3]
"Дааа, нет, тебя забанили за всю эту компанию.",[4]
"Я всегда просто говорю «спасибо», потому что это хорошая мысль 🤷‍♀️","[0, 15]"
"Честно говоря, [ИМЯ] потрясающий телеведущий.",[27]
Вчера вечером я выпил 3 🙈 эта напыщенная речь была после стакана №1,[27]
[ИМЯ],[11]
"Dv, потому что это игривые собачки",[27]
"Мне 14 стоунов... так что, наверное, на 2 стоуна больше веса. Я не пью алкоголь и не употребляю наркотики, но я люблю поесть....",[18]
Нужен настоящий большой мешок риса!,[27]
"Тоже любопытно. Но для человека, живущего в северном Онтарио, это довольно точно.",[7]
"Типа подачки, которую этот парень получил на строительство стадиона?",[7]
"Я думал, что не смогу еще больше расстроиться из-за прошлой игры, но.....","[9, 27]"
"я думаю, это круто, потому что это гибрид, который работает с рычагом переключения передач",[17]
"Я не говорю, что ваш анализ неверен или не основан на фактах, просто данные, которые он генерирует, бесполезны.","[10, 27]"
Спросите на r/NewTubers,[27]
"Первый раз вижу, поэтому спасибо, что поделились. Определенно демонстрирует пропагандистские усилия.",[15]
"Все просто, он прямолинеен, и это то, что нужно некоторым людям.",[0]
"И все же вам пришлось отказаться от поддержки этого законопроекта, когда вы узнали, что он догонит вас.",[27]
"Это также один из немногих достойных одиночных шутеров от первого лица, выпущенных в этом году.",[4]
"Мне нравится этот саб, и ты мне нравишься. Вы в порядке.",[18]
"держу пари, что ты все равно сможешь их съесть",[27]
"Да, я думал, что мой мальчик увлекался ими до этого. Но я сомневаюсь в Панике! На дискотеке его интерес достиг бы пика.",[6]
"Чтобы она стала значимой, ее не обязательно добавлять в игру, [ИМЯ] был просто крайним примером.",[27]
"вау, почти каждый саб сильно вырос за 7 месяцев. Также 8,3 тыс.!! что!? это безумие","[1, 26]"
"По крайней мере, они могут приготовить хорошую пиццу.",[27]
"Я никогда там раньше не был, поэтому не могу подтвердить или опровергнуть, но я был бы очень удивлен, если бы в казино был только лимитный холдем.",[26]
"Я уверен, что ты не знаешь, что значит «больно».",[27]
"Иди, получай это образование. Пусть [ИМЯ] погрязнет в своей печали.",[25]
Очень красивое фото мэрии.,[0]
С такой проблемой более квалифицированно справится физиотерапевт. Удачи,"[4, 15]"
"Я страдал бредом во время игры с фантомной маской, так что для меня это всевозможные страдания.",[25]
Большое спасибо! Я люблю Германию! Я был в Берлине 2 года назад для исследовательской работы.,"[15, 18]"
"Я понятия не имел, о чем, черт возьми, идет речь. Нашёл объявление и посмотрел. Это на самом деле прилично.",[0]
"Прости, ОП, все в этом списке невероятно неправильно. Надеюсь, у тебя сейчас все хорошо.",[20]
"Я полагаю, вы имеете в виду плохое исполнение повешения? Он использовал только половину отверстий",[7]
"Я имею в виду, что вашему аккаунту исполнился один день, так что я думаю, с вами все будет в порядке.","[5, 27]"
"Если бы КТО-нибудь сразу сказал мне, что он парень/девушка из какой-то игровой консоли, я бы передумал встречаться с ними. Ты слишком увлекаешься видеоиграми.",[27]
Это красивые таблетки.,[27]
Было бы странно проводить пальцем вправо по левой руке,[27]
"У нее как минимум 12 локтей и все они счастливы. Ты понимаешь, девчонка",[17]
"Мне тоже, пожалуйста.",[27]
"Не удивлен, черт возьми, это отстой. Сотрясение мозга ужасное.",[11]
твоя мама в чистилище xd,[27]
"Да, это нормально. Больше похоже на обдумывание вариантов, чем на отчаяние",[4]
"В ванной на первом этаже моей школы не было дозатора мыла, унитаз был разрушен, а туалетная бумага так долго не выходила из ванной.",[27]
"Я хотел увидеть, как он покажет себя на фоне Кембы.","[8, 27]"
"Не все сторонники [ИМЯ] являются танкистами, но все танкисты являются сторонниками [ИМЯ]",[6]
"Они смотрятся абсолютно ИДЕАЛЬНО вместе. Надеюсь, что и в реальной жизни так же. Я так рада за тебя, [ИМЯ]!!!","[17, 20]"
"Возможно, но я надеюсь, что оно заброшено. Меня не слишком впечатлил флэш-форвард.","[10, 20]"
"Странно, что считается нормальным намеренно «промывать мозги» людям, заставляя их убивать психов.",[10]
"Что вы думаете? Если вы посмотрите на мой вопрос выше? Последнее, что я должен сделать, это извиниться?",[6]
"Ставка на флоп. Хороший [ИМЯ], что ты делаешь на реке.",[7]
"Ммм, нет. Мне это очень не нравится. 10/10 материал TIHI.",[27]
"Все отморозки повсюду. Отстой, что его так легко использовать для множества других вещей.",[27]
"Геймеры слишком хорошо знают, каково это – быть угнетенным обществом.",[4]
"Это чрезвычайно распространено. Черт возьми, у тебя, наверное, оно есть, и ты просто не знаешь.",[4]
"Вы описали некоторые штаты на Юге, например",[27]
"Лол, возьми Корси!",[1]
"Звучит красиво, оу",[0]
Медуза. Он намеренно ужалил себя этим.,[27]
"Нет, к сожалению, ему дали плохую команду, и он так и не получил последнего шанса, которого заслужил :(",[25]
"Неужели никто не заметил, что это подделанная фотография?? Как очень плохой штамп-клон… Я имею в виду, что это могло бы быть красиво, но это не настоящая фотография.",[10]
Папа был в швах..,[27]
"Извините, но как человек, который путешествует один, я бы разозлился, если бы мне сказали, что я не могу пить в баре один.","[3, 24]"
интересной сделкой будет [ИМЯ] и первое место в составе «Мавс» для [ИМЯ]. и [ИМЯ],[27]
"Кажется, это не имеет большого значения. Я имею в виду, она в комнате?",[7]
"Возьмите его, мальчики!","[2, 27]"
"Лол, это смешно. Мне придется найти нашу Аджиополию и посмотреть, с чем она сравнима.",[1]
"Нас всех обманули? Я видел ее насквозь с первого дня, даже писал о том, какая она фальшивая.",[3]
"По крайней мере, на Netflix будет солнечно, в Канаде это сняли :(",[25]
[ИМЯ] будь осторожнее. Он будет следующим.,[5]
"Впервые я вижу, чтобы OG упустили такую ​​возможность.",[27]
"Что-то может быть как удручающим, так и воодушевляющим, и, несмотря на то, что оно депрессивное, оно определенно воодушевляет.",[27]
"В основном дерьмово оплачиваемые рабочие места с большим количеством вакансий + пожилые люди возвращаются на работу. Конечно, они будут называть это «хорошей» новостью...",[27]
Эта рубашка – проблема. Избавиться от этого.,[9]
"мою маму поймали за мастурбацией на порно с доминантой (мне наскучило ванильное дерьмо) LOL Но зависимость от порно – это плохо, потому что она может помешать тебе приближаться к женщинам и т. д.",[1]
Мне очень нравится это фото.,[18]
"Лмао, полицейский, останавливается и говорит *""Бля, ну, я думаю, он не будет сопротивляться по дороге""*",[1]
"Я сказал, что сыт, сэр. Это значит, что и пустыни нет. Никто не любит напористых официантов.",[27]
"Я живу в этом районе и последние несколько раз, когда проходил мимо, больше не замечал запаха.",[27]
"молодые и бесцельные Спасибо ТСН, я это ненавижу",[15]
"Да, он, конечно, трудолюбивый. Просто хотелось бы, чтобы он смог вернуть свой удар в нужное русло.","[4, 8]"
я все еще ребенок,[27]
Потому что все эти бредовые люди в реальной жизни делают то же самое.,"[3, 27]"
"Извините, но вы похожи на одного из тех людей, которые очень серьезно относятся к Overwatch и у которых нет жизни.",[3]
"Я сказал маме, что сейчас приедет скорая помощь. Всем спасибо",[15]
блин! Это заставляет меня чувствовать себя отвратительно. У меня «болезнь Аддисона».,[11]
Большое спасибо! Это так искренне и так полезно. Большое спасибо за ваше время и ваши мысли.,"[0, 15]"
"Это не что иное, как царапина",[9]
"Вот знаете ли вы, что [ИМЯ] спал с 35 000 женщинами. Возмутительно.",[26]
"Я живу в Суидерстранде, что за Агуласом, здесь, к сожалению, нет возможности провести оптоволокно :(",[9]
Привет [ИМЯ]!,[27]
"Замечательно! Просто интересно, что за игра?","[0, 7]"
"эй, спасибо! каждый раз, когда я могу кому-то помочь, я более чем рад :)",[15]
Тако по вторникам после постного понедельника. Я называю это мясоциклом,[27]
"Я не думаю, что они считают геометрические узоры абстрактным искусством.",[27]
"Ах, спасибо",[15]
"Второй сезон только начался, и как большой поклонник TNG я могу с уверенностью сказать, что первый сезон ближе всего к другому сезону TNG, который я когда-либо видел.",[4]
"это Оксфорд, если ты не согласен с Оксфордом, иди живи в чертовой пещере, потому что они правы, и [ИМЯ] Я ЛЮБЛЮ АНГЛИЮ",[27]
"Почему вы пытаетесь обмануть транзит Нью-Джерси? Транзит Нью-Джерси имеет большие финансовые долги, и вы пытаетесь их украсть. Стыд.",[7]
Зоны отдыха и остановки для грузовиков процветают!,"[3, 27]"
"Я не знаю, ради развлечения?",[6]
Это делает нас более решительными в борьбе за Сион.,[4]
"Боюсь даже маму спросить, на меня могут наорать 😟",[14]
"Если [ИМЯ] будет выполнять аналогичную роль до конца года, то я ни в коем случае не возьму его на себя... особенно Sony",[27]
"Я люблю это! Улыбка незнакомца действительно изменила мой день, поэтому я всегда надеюсь, что смогу сделать то же самое!","[8, 18]"
"Я в Австралии, так что не знаю, могу ли я действительно что-нибудь сделать.",[27]
"Ах, победа","[17, 26]"
"р/хоккей нас не любит! Просто оставайтесь здесь со всеми нами, крутыми людьми!",[27]
"Кажется, их это не особо заботит. В любом случае «Аль-Каида» или «Ахрар аш-Шам» не имеют большого значения.",[10]
"новобранец номер 9 из класса 2019 года в Университете Южной Калифорнии уже вошел в трансферный портал, лол, прошло всего 3 недели, чувак, дай ему шанс",[1]
"нет, мне хорошо",[27]
"У меня есть его подпись на майке. Когда я был моложе, стоял в очереди в Canadian Tire. Счастливого выхода на пенсию!",[17]
"С каждым днем ​​становится все труднее отличить настоящую проблему с психическим здоровьем от того, кто просто использует ее как предлог, чтобы вести себя как придурок.","[3, 9]"
"Я именно такой! Рад знать, что мне это не кажется.",[21]
"Я не понимаю, почему в этом сценарии все неизбежно должно взорваться.",[27]
"Логика в том, что правительство может вас притеснять.",[27]
"Ах, да! Он был великолепен для нас. 0,69 ЭРА в 24 G с 10,7 К/9. Я забыл о нем.",[0]
"Ради оператора, я надеюсь, что пистолет пуст.",[20]
"""[ИМЯ], знакомьтесь, [ИМЯ]"" обожаю это шоу","[18, 27]"
"Пожалуйста, никогда не воспроизводите.",[3]
"Пожалуйста, укажите каждый из этих показателей и линии тренда за предыдущие годы. Нет, перечисление нескольких агентств и призывание людей использовать Google 8t не является источником.",[10]
"Господи, этот золотой комментарий пролетел незамеченным. Я так смеялся",[1]
"Сказать, что Бабкука надо уволить = проснулся, дай мне прически",[27]
[ИМЯ] тоже меня спас. Еще мне пришлось пару недель [ИМЯ] спасать мою задницу.,[27]
"Кроме того, я хочу узнать больше о команде подводного восстановления полиции Детройта...",[27]
"Вы как будто даже не читали комментарий, на который отвечаете.",[22]
"Они ненавидели его, потому что он сказал им правду",[25]
"Надеюсь, она доживет до 200 лет, просто чтобы их разозлить.",[20]
"В конце концов, конечно. Но в вопросе действительно не хватало варианта «может быть позже», лол.",[1]
"В порядке Хорошо. Хотя всё равно. Пошутите: «Может, нам стоит обняться, чтобы согреться» и посмотреть, как она отреагирует.",[27]
"Это никогда не пройдет, поскольку каждая сторона получит то, что хочет. В его глазах должен быть неудачник",[27]
Я сосредотачиваюсь на боли,[27]
"Представьте себе, что могло бы случиться, если бы вы посмотрели более длинную режиссерскую версию!",[7]
Эта игра выглядит слишком быстрой для «Ойлерз»,[27]
"Я более чем приятно удивлен, что нажал на эту ссылку",[26]
Я видел от 62 до 8 за 12 часов на севере. Погода – это сумасшедшая штука.,[3]
"У меня есть DayZ, но я не играл уже много лет. Последнее, что я слышал, это все еще полный беспорядок, лол.",[1]
"«[ИМЯ]» Все еще люблю [ИМЯ], и хотя настоящая [ИМЯ] поначалу была крутой, она стала для меня довольно «мех».",[27]
"Это довольно забавно, когда тебе это рассказывают",[1]
Но даже тогда для жизни нужно что-то другое.,[10]
Мне это нравится!,"[0, 4]"
"Спасибо, нужно было это услышать сегодня!",[15]
"Они ничуть не ужасны. Просто учитесь на своих ошибках, помните и двигайтесь дальше. Это все, что вы можете сделать.","[4, 5]"
"МЕЕЕЕЕЕЕ. Большинство людей не понимают моего юмора, но время от времени кто-то понимает, и мы вместе безостановочно смеемся.",[1]
"Я читаю блядь и не затыкаюсь. Интересно, как, черт возьми, это не было жутко....",[26]
разбуди меня,[27]
Вот ЭТО убийство словами!,[3]
"> Где я вообще упоминал геноцид туземцев? Как вы думаете, землю «украли»? Жители были убиты.","[4, 7]"
"Увидев этот нож на этом субреддите, я испугался [ИМЯ]",[14]
Важно помнить: 0 — это тоже число!,[27]
"Жаль, что он был директором «Юнайтед», когда купил его.",[27]
*Get Up and Drive Your Funky Soul от [NAME] начинает играть,[27]
"Чувак, мои братья и сестры никогда бы меня так не убили.",[27]
"Скажите, это была короткая поездка или нет? Я ошибся, это было 4,3.",[3]
"возможно, вы больший оптимист, чем я. надеюсь, ты прав","[0, 20]"
"Хорошие новости: это история об акулах, которые не нашли Немо.",[0]
"Единственная причина, по которой люди там находятся, это то, что они не знают, что [ИМЯ] уволен, черт возьми.",[1]
"Это безумие. Кто-то умер примерно 2 года назад после того, как грузовик подбросил болт, пробил ему лобовое стекло и врезался в него на 146-й трассе в ЛаПорте.",[16]
Ты все еще сидишь в машине прямо сейчас?,[7]
"Вероятно, он рассчитывал на присущую сообществу скрытность и незнание (по бельгийским законам) своих жертв.",[3]
"[ИМЯ] должен в какой-то момент потерять самообладание, надеюсь, это не сегодня вечером.",[20]
"Мне ужасно жаль это публиковать, но я не мог не поделиться :|",[11]
"См. также: «Бесполезные дипломы престижных университетов, цены на которые смехотворно завышены»",[27]
"Грех заключался в том, что он отказался забеременеть от вдовы своего брата, когда [ИМЯ] прямо сказал ему об этом. Дело не только в потере спермы.","[10, 11]"
"""Ух ты. Просто вау. Почитай книгу, чувак!",[26]
Поздравляю вас с днем ​​торта.,[13]
"Ааа, понял - спасибо :)",[15]
"Он будет спокоен, зная, какими счастливыми он всех нас сделал.",[17]
"Я думаю, вы можете запросить подсчет рук при сдаче бутылки.",[27]
Это было перекрестно опубликовано.,[27]
"Он знакомил тебя, надеясь, что вы оба сможете переспать.",[27]
"Их оранжевая курица - настоящая чертова бомба. Мне нравится, когда его кладут на красивую подушку из риса и овощей :D",[18]
"Klokslag 12 Мне очень понравился подкаст о фильмах ужасов. Я не фанат ужасов, но эти чуваки мне очень интересны.","[0, 1, 17]"
Они в основном поклоняются этому.,[27]
"Блин, это так дешево",[3]
"Я боюсь смотреть, но мое болезненное любопытство заставляет меня спросить.",[14]
Хорошо для [ИМЯ]. Он это заслужил.,[0]
"Честно говоря, если оставить в стороне партийную политику, мне ОЧЕНЬ хотелось бы знать, откуда взялась эта лихорадочная мечта об истории. Это ошеломляет.","[7, 26]"
"Боже мой, если [ИМЯ] и [ИМЯ] будут баллотироваться... Мне придется нелегко, решая, за кого голосовать!",[6]
"Потенциально это был самый опасный трюк, который я когда-либо видел. Одна незначительная ошибка и ты умрешь.","[14, 26]"
"что за история [ИМЯ]? извини, не в курсе этого чувака",[7]
"Актриса умерла до выхода в эфир первого сезона, так что это буквально невозможно, поскольку [ИМЯ] не предавал до второго сезона.",[27]
"[ИМЯ] уже было это в своем комментарии, и я не отрицал этого. Я предполагаю, что такому уровню внимания к деталям не учат в Bellevue Community College.",[3]
"омг так рада, что я не одна","[17, 23]"
"Да нет, хаха. Вне моего ценового диапазона, если честно",[1]
"ух ты! это... много воды, чувак, это был твой мочевой пузырь, ок",[26]
"Wizards действительно обнимают танк, когда [ИМЯ] играет в пятерку против [ИМЯ]",[27]
"Поздравляю, все еще жду, когда меня вызовут на собеседование на другую внутреннюю должность. Подать заявку в отдел кадров под Рождество так чертовски медленно.",[15]
И я буду там!!!,[27]
"Она уродлива, так что это может добавить еще несколько месяцев.",[3]
"Здорово и весело! Хорошая работа, ОП.","[0, 1]"
Это было гениально 😂,[0]
[ИМЯ] КТО ТАКОЕ [ИМЯ]!!!!!,[27]
"Мы не выиграли в Альваладе, даже когда они заняли 7-е место. У нас там просто какой-то блок",[9]
Грустный. Мои соболезнования ее семье.,"[16, 25]"
Я так рада этой игре!! 😄,[13]
"Сосредоточьтесь на себе, сосредоточившись на своих молитвах и напоминая [ИМЯ]",[5]
"Это правда, иногда то, что очевидно, ускользает от нас. Хороший пост.",[4]
"Она выбросила его в мусорку? Свинья! Смойте его в раковину, даже если это блин.",[27]
Это стыдно!,[12]
Нашел свою горелку,[27]
"Еще один повод моментально убивать людей, которые постоянно обо всем используют слово «круто». Это просто безмозглая посредственность в лучшем виде.",[3]
"Ага. Вы видите больше рук, вам нужно больше учиться, чтобы быть конкурентоспособными.. и т. д.",[5]
"По вашей логике, то, что миллиарды людей становятся менее бедными, — это в каком-то смысле плохо.",[27]
"Да, но даже тогда мне кажется, что они могли бы сделать это лучше",[4]
"Лол, ..вероятно нет. Но опять же, я никогда не хотел знать, что такое синие вафли, и почему-то знаю.",[1]
"Я не имел в виду это как оскорбление или что-то в этом роде, извините, если это прозвучало именно так.","[24, 25]"
"**ЧЁРТ ТЕБЯ, ДАВАЙТЕ ОТВЕТ!!**",[0]
"[ИМЯ] выглядел ужасно в той игре. Я очень надеялся ошибиться, но он пришел именно так, как рекламировали фанаты Хоукс.",[14]
Перестаньте спорить с людьми.,[10]
"поверь мне, это не так.",[27]
Это меня слишком сильно напрягает.,[25]
"Пойдем со мной, и ты окажешься в мире чистого ~~воображения~~ оправдания.",[27]
"Съешь слишком много громадины, и он заболеет. Лма0, извини",[24]
Ой! Это сильно ударило,"[9, 25]"
"Удар его головы о корт выглядел очень плохо. Я надеюсь, что он оправится от этого.",[20]
"То же самое, чувак, ужасное чувство",[14]
"поздравляю. я сломлен, но если бы это было не так, я был бы рад за тебя",[15]
"Однако это результат структурной проблемы, присущей всем формам авангардизма. это не результат того, что ОД являются фашистами или не левыми",[27]
"Измените инициалы на вымышленные имена. Хотел прочитать, но слишком напрягает.","[3, 22]"
ЭТО МАМ!!!!,[27]
"Подумайте, как долго вы сможете припарковаться!",[27]
второй храм простоял 420 лет r/trees/r/Кроссовер иудаизма подтвержден!!!!!,[27]
Почему? Они заслужили это.,[7]
"Приятель. Ваши предубеждения проявляются. Также поворот сюжета. Я белая женщина [ИМЯ]. Вы не понимаете принцип, что такое привилегия белых.",[27]
"Я не уверен, что именно [ИМЯ] изменило определение так сильно, как это сделала АТФ.",[6]
"Моя такса любит облизывать рот моего сына, когда он смеется. Каждый раз.","[1, 18]"
"Лол, не волнуйся, они даже заставляют тебя как-то ненавидеть [ИМЯ] во втором сезоне.","[1, 5]"
100%. Она сделала себя уязвимой перед судебным иском со стороны нескольких человек.,[4]
"Я бы дал ему 9/10, один из моих любимых. Что ты думаешь о Д'Джанго?","[0, 7]"
Ты прав. Спасибо за контекст и информацию.,"[4, 15]"
"Я ничего не слышал о нем в этом окне. Во всяком случае, это было бы лето.",[27]
"Я ценю этот пост, поэтому он уместен в моих глазах 😀","[0, 4]"
"Женат только один раз, так что не может быть так уж плохо. Не то чтобы это даже имело значение",[10]
Вы путаете плохого персонажа с MC.,[9]
В основном из-за хайпа. Я люблю гулять с друзьями!,[18]
Холодильники? Это круто,[27]
"Должен признаться, я думал, что эта история закончится тем, что она потребует еду или что-то в этом роде.",[27]
"Ебать - это именно то, на что она годится",[4]
"Конечно, товарищ. Вы уже выполнили свою норму ответов, да?",[4]
"Что ж, хорошо… опера часто прекрасна… хотя в ней сохраняется вонь высшего класса… Я не могу не высмеивать искусство, которое угождает высшему обществу, чтобы выжить.",[0]
Они похожи на рэперов,[27]
ПОМЕЩИТЕ УСТРОЙСТВО НА ЕЕ ГОЛОВУ ХА-ХА-ХА ПОРА УМИРАТЬ,[1]
"Я называюсь Мисс, но мои дети будут называть меня Мисс, иногда Миссис Мистер, и меня это не особо беспокоит.",[27]
Сегодня утром я тоже сфотографировал восход солнца. К северу от Остина. Сегодня было очень красиво.,[0]
"Я НЕНАВИЖУ эту песню... Я не голосовал за нее. Некоторые из моих песен, которые мне нравились, достигали отметки 60-70.",[3]
"Тебе просто нужно собраться, пойти туда и получить этот поцелуй.",[5]
"Разве люди в Интернете не самые лучшие! Я не виню тебя за удаление, нет времени на негатив в этой жизни. 🍻","[7, 10]"
Он не может отменить. Какой тупица,[3]
Бери другой телефон!,[27]
Несколько лет назад мы уехали из родного города. У нас нет семьи и мало близких друзей.,[27]
"Хочу ли я вообще знать, что это значит?",[27]
"Что может быть страшнее желтого человечка? Желтый человек, использующий желтый цвет",[27]
"Я не знал, что все будет так просто. Прости меня, [ИМЯ] :D",[6]
В 35 лет я встретил любовь всей своей жизни. Времени предостаточно.,[27]
"Да, он настоящий. Мне бы хотелось, чтобы он тренировал «Бронкос».","[0, 18]"
"Меня это тоже очень беспокоит. Я полностью согласен. Это помогло бы нам избежать ситуации в США. Теперь я думаю, что мы движемся к этому",[4]
"Хорошая работа по созданию себя, кстати",[0]
"Нет, дети, у меня сломана духовка. Когда мой брак распался, это было благословением.","[4, 22]"
"Да, хайкей выглядит прилично",[0]
ты сексуальна,[0]
"как вы думаете, как создаются деньги? он в значительной степени контролируется правительством и распространяется для достижения определенных результатов в нашем обществе.",[7]
"Я рад, что все выясняется, я молюсь, чтобы справедливость восторжествовала над жертвами.",[17]
"Не знаю, зачем кому-то нужно больше объяснений, чем это видео.","[3, 10]"
Последняя минута игрового времени длилась 15 минут.,[27]
Где еще можно сделать оленьи уши и цветочную корону на селфи?,[27]
"Однако мне любопытно, проголосуют ли они за право владения ~~libs~~ [ИМЯ]?",[7]
"Мне любопытно увидеть разницу, но, к сожалению, об этом нельзя просто спросить кого-то.","[7, 25]"
"В эмоции вложено невероятное количество усилий, что только усугубляет тот факт, что ими никто не пользуется.",[27]
"[ИМЯ] черт возьми, [ИМЯ], пожалуйста, нет",[2]
"Они не могут просить многого, он учится на последнем курсе, он похож на нас и [ИМЯ]",[27]
"Я чувствую все запахи дежа, и это ужасно.",[11]
"> Нехватка разнообразия в актерском составе, теперь это новый, имао",[1]
"Я не знаю, почему меня так беспокоит этот образ","[6, 9]"
Вы не выбрасываете его в мусорную корзину. Ты положил его на тумбочку своего отца.,[27]
"ненавижу, как сильно я это люблю","[3, 18]"
"Спасибо. Я ценю это. По крайней мере, я знаю, что я не единственный.","[0, 15]"
"Да, но разве вам не обязательно заходить в воду, чтобы спасти жизни?",[27]
Я делал это. Преобразование диска в цифровой формат — это очень приятно.,[18]
Всегда пожалуйста!,[15]
Это вина списков!,[9]
"Ха-ха, этот чувак из того района, откуда я родом. Он местное сокровище",[1]
"Очень хотелось бы, чтобы у нас было что-то подобное!",[8]
"Я не поставил вам минус, поэтому не могу сказать, почему. Он определенно был заражен, поэтому был красным и опухшим.",[27]
"[ИМЯ] уже выглядит тошнотворным, мне нравится, к чему все идет.","[0, 18]"
"Смело с твоей стороны предположить, что у меня есть кто-то, с кем я хотел бы встречаться в первую очередь.",[27]
"Что? Это именно то, что я от этого получил. Очевидно, что рыжеволосые люди просто дефективны, и их нужно вылечить/исправить. /сссссссссссссссссссссссссссссссссссссссс",[27]
"Я знаю, что не знаю испанского алфавита, но не могу поверить, что не уловил его раньше.",[22]
"По той же причине, по которой двое слева выглядят мертвыми внутри: они знают, кто они, и желают сладкого освобождения смерти.",[27]
"Может быть, если [ИМЯ] все еще играет",[27]
Хороший вид,"[0, 27]"
"Я не знаю, о чем вы говорите, но это звучит настолько же расистски, насколько и сексистски.",[6]
"Я хочу вернуться в прошлое и обнять тебя в детстве (правда, после того, как ты вылечился от вшей).",[8]
Я был здесь. Это одно из самых разнообразных мест на Земле.,[0]
"Я бы сказал. «хорошо», но все это чертовски трагично.",[3]
"Неуверенность существует даже у привлекательных людей. Даже горячие люди такие же, как все.",[27]
Я тоже. Я люблю это!,[18]
Этот дядя был потрясающим.,[0]
Также доступно на Spotify и Apple Music. Любая обратная связь будет очень признательна!,[15]
Неуклюжий малыш [ИМЯ]!!,[27]
[ИМЯ] был в тройке худших только в последнем сплите...,[27]
"Да, [ИМЯ] сделали куколд",[27]
"она проявила неуважение к [ИМЯ], она мне не нравится","[3, 10, 11]"
"Черт, разве не приятно иметь в команде [ИМЯ]?","[3, 6]"
Храбрая душа.,[0]
"Он зарыл их дом в землю и винил в этом архитектора, и в каждой последующей серии его борода становится чуть меньше моется 🤔",[22]
"[ИМЯ], [ИМЯ] — самый недооцененный [ИМЯ]. Я люблю этого парня.",[18]
